sensor_0,sensor_1,sensor_2,sensor_3,sensor_4,label
51.752470973014375,57.254233782522235,68.87681385613271,44.72791539528395,42.324453457937,0
35.90401048435491,55.62533108842093,40.42568071573345,67.36061863077693,61.03240352641991,0
50.76833494985704,33.03268651934003,60.22393132190121,43.068436545430295,58.84231103237279,0
88.6419817896096,120.19192210097918,80.30816498647035,86.44332406908568,83.6877075386607,1
32.70610458709278,33.43052312498692,48.15148972846948,48.623554725483025,42.09110134287219,0
33.18153114722912,48.95682725702374,49.58250989874821,44.70236146903442,46.24073206570192,0
48.44171763332538,45.314996583110805,46.70749111287065,60.39217817358386,45.655896641195994,0
55.742954142379375,35.6282286986389,41.55195262269403,44.220708492575135,49.83828308493315,0
44.98285734163676,62.699303160270254,58.58365011429349,63.12202412470756,58.7482515410361,0
39.09118580245803,57.43491440259919,41.7707348982528,71.96509710155787,55.18997754337863,0
48.824023668521214,59.862447045049436,57.69375551552544,54.3815887111885,42.268067613604785,0
52.609720523272564,72.94348660747673,50.78531966748224,42.69437071421031,54.38809051849737,0
134.3536151029632,102.09256624877351,97.62305171773357,121.30760960856007,96.11679636982439,1
38.939476045327794,55.83947557409202,28.862658717973346,50.215210370294855,50.474491731740116,0
63.217648910613505,47.374577628371235,60.38481675067452,62.96567166841246,50.835149106261824,0
63.48864585164414,56.93714067871201,77.52984783054609,45.99213202831915,68.64978615153407,0
64.91890106873907,88.57191248825893,111.14615253264041,101.9876670127889,120.20198356061559,1
58.136612883236076,25.046368128527718,28.095334623835434,36.465280208824524,31.565284848172496,0
38.65085874590669,62.14325447233274,37.74955342509818,55.4585801163643,41.068459880895034,0
130.45213922618356,61.329147142000565,100.88411054481048,83.96970682571566,91.06499233071386,1
99.47071622644263,116.16361772431596,98.48152230969394,85.86127203495991,84.11622276484268,1
26.004311617680266,48.13460422534155,57.534875591651854,50.10184841345552,31.849314099370268,0
40.38464485273363,47.48467911506736,45.518460730768986,54.843514021787804,38.55961539337043,0
39.91400875271223,43.51548312491546,65.96011167425253,36.32913585533953,48.23358831162409,0
53.65547117870689,51.03561492709012,39.57826525195359,55.06925468028147,49.29037393757059,0
50.53881964604335,41.439398060129115,64.78675437789298,33.2130501275292,45.674988257444284,0
34.37422857545492,52.343752764478616,48.249036114291556,33.44752970481514,60.066809667842264,0
59.90983311381005,47.561003144721106,27.510396659192324,59.17134464142511,42.66689639265097,0
42.95049012435145,40.45484289796977,41.71309531562912,62.2108876532751,47.078901896348114,0
106.42124826423975,121.98089250972912,140.41061516201853,105.93184007220327,94.507983426481,1
56.789936578191124,56.95374373939702,73.08879439464812,32.28381412242552,67.18720439620643,0
56.65009621083505,75.72182003404001,54.06386497461047,51.0372393166327,56.75375601949977,0
59.587933367231386,47.98883085171297,48.38196977168886,41.89118002991658,52.71624809458319,0
120.51495884894518,112.67812047229053,90.12718490910193,77.45305963108905,87.75227122802687,1
50.62486026926753,51.37467335830683,41.721977835277734,36.36661898697727,56.154379214318325,0
59.588192947714774,50.01442088915273,46.36830256872394,44.68498585779852,63.43426420979092,0
59.297508211585196,51.53660732825853,65.18072333800004,51.81211526942315,49.58859307628334,0
84.27742756153681,100.8079652095264,107.37687851194514,119.65033696410795,86.41053434533083,1
58.72310063668158,22.442441670450442,49.308430958984154,56.87730454776984,46.84558305441605,0
123.93348491362818,110.30055136493621,100.02851820375975,101.93026304792384,121.41444860181757,1
36.07867645963004,54.20418734540502,28.048122643898505,45.53500131499198,41.655622388054375,0
55.326718397585005,41.713758895854156,48.361728956764765,47.73275573620999,60.883255894220966,0
64.6965157366262,50.46417973777129,45.36401214490205,46.63271123034674,41.40616572373642,0
59.97859579487613,57.0040965793822,50.933332205447186,45.72492748118679,50.45164300099539,0
132.5198241737951,140.71739423198898,119.32439492602958,99.47716531411382,108.8594434183596,1
44.70334661086699,63.76419721699257,34.08118808905972,42.08791359494315,61.866588606892385,0
58.40183914668596,44.42607248864253,45.63289580738979,56.231999271215535,52.85281303065873,0
121.54825212910507,121.58251250380482,106.53537086841519,108.2975889321908,102.4725884988644,1
64.42168916614338,59.72845041534809,55.2904999808483,60.956513293986944,53.43801023675559,0
66.5807758379674,43.966295328365206,41.78521624786951,60.213870573285675,34.238442852238094,0
32.67545585321649,40.241720702273795,41.76253557766451,56.215624775199785,36.65668566646141,0
50.32034015067604,40.134807089471515,32.418141704478316,59.71842520859938,59.65183303268803,0
64.56796492186064,106.40182461359612,120.59579235273239,101.22243108736343,118.54942929430734,1
54.692495453408064,53.702351703662714,47.978440847151504,58.803652903241655,55.45171236858074,0
20.99571886490313,57.07807130840028,55.3794247490461,30.696115589212976,77.20901057460283,0
45.57723176310517,70.35601062844373,47.71312509625364,59.08887390936584,46.554893703960026,0
58.2898750103775,70.06099329574985,69.1294295894334,43.97085555358311,59.79015343430448,0
48.14428925932735,66.30786579180264,43.474176073849165,48.01919197564649,44.85745324691138,0
107.38476391998174,131.01752398118197,61.69623288448466,125.8067358780886,85.77268596920152,1
43.419344646559196,46.16637997768556,35.43497107584089,47.80666573226666,66.41942683772935,0
42.00811214819078,54.89068642868118,37.32973860500583,44.23426056049659,52.5047915052099,0
51.91341632526755,44.84231443486189,42.81493213309248,56.73495243711269,62.00393052999698,0
44.122551659417,46.73655441290775,45.569627615656714,29.061412506686057,69.21253599992878,0
51.539104672295096,52.18970613377137,46.05235193786958,64.63255876208387,60.800903106220375,0
43.84765616247749,59.30761329389415,52.79482069751635,41.677411875384166,71.74108997269201,0
43.4488159703081,37.012899875633224,36.37730065140393,55.524535108221286,45.4487242615774,0
53.15172572027908,45.65588939495083,64.28994002565285,40.293418364226135,45.77180129257803,0
75.26640843039452,50.75750042109232,67.54230399629645,108.25743563120747,115.08575330109403,1
85.56962455196575,86.2233609529774,156.0829053828665,71.61269207394159,106.31504829466317,1
65.75132909959773,23.686905486409255,38.18310283776222,43.169264696029146,44.07438463204067,0
46.20146848309825,51.39558612879257,58.93870994211919,40.98557262721441,65.1383402976033,0
35.81146489123848,72.4343477381228,50.85264658822151,67.70469105974148,52.96224980799049,0
49.65005082469262,65.79452692286245,66.72915949858188,57.46398492267947,30.562804335312247,0
57.56148722416489,50.82808662344371,55.958000995695414,62.29436451860576,56.450974532737085,0
40.98251537053042,38.7521746387,38.351099954583404,49.04835262378604,57.637082312987665,0
41.131528796711315,52.22214711472544,44.03020405355233,56.03147570386432,63.59776260345779,0
47.820070238407176,34.22021511872374,44.31348140643691,41.37422075789415,55.48258179736478,0
50.16823853706319,52.47616685850853,62.260614820608524,50.40483497703599,56.54658742235238,0
65.67775989179466,84.26249710236915,100.52346936290594,113.91718365722474,109.43273332250442,1
43.80922064359734,51.085456739040396,51.77795939773225,59.30048830413202,73.68595177945863,0
49.21091109826091,55.08781233740804,44.464209141260945,40.68932241994603,45.362913136247116,0
51.11895447464468,56.18687449698474,55.77425071000151,45.21060866877125,43.124372727872405,0
38.61324578047493,36.80321384699708,43.75210633262128,73.05353643059075,38.97275583049419,0
54.44550922614431,50.300444185666066,59.342135447673954,51.20719822758926,54.31842147215298,0
51.82147841940676,69.85099046809685,56.491080451284944,63.99575338504083,33.733706599525874,0
49.39592050307341,55.21786588053659,59.66629345749914,53.21067765379351,50.80332223951103,0
55.47838606130986,52.07142556253152,56.54920323473108,53.08604359346486,45.15750355624854,0
56.437545167673115,45.36625535654771,63.644678335490234,62.20296603725518,50.61206728414236,0
56.487557001613794,50.912124877893035,55.04517077931688,67.8418984904776,31.500189467623247,0
100.57081898757798,114.17662175519875,96.19922409975064,114.73707140851145,94.66585658622499,1
33.687579442226216,28.8730308721148,64.32711225211517,54.719815236731336,47.35554930477162,0
37.748251194033585,43.101774664122004,30.826886817749614,44.29789474485109,24.21554266201705,0
106.59533181647762,80.41698798673671,122.54044776587683,102.51519230588069,105.8199264806966,1
55.44596234130628,65.74617830032102,41.55562186834788,27.1879643776535,42.01513204181586,0
55.75727010758005,45.86452994530593,46.23501664085668,40.36142534901211,34.54312686288945,0
52.76291304388528,38.90603396178936,38.184937322640195,42.67648750452652,38.12303298742905,0
53.60309189540941,44.912130968627544,46.43677499101502,73.31791847169914,55.97608650708335,0
61.803726542590965,55.831612160440784,46.84164163266025,38.59362674655363,59.6449818437988,0
35.3717608764093,45.04733466416017,53.173579711291424,50.07062603379913,65.41608157083812,0
49.16463072480087,56.70216067176421,41.240191547629784,36.00926536845206,59.82171333611257,0
51.51223722442526,62.806392508582036,39.98508701139117,42.28741319053798,40.963787497186104,0
107.67313527252642,69.46190645652192,100.94333402788463,83.03810067985592,110.45112938117698,1
41.15393337311099,40.572953675041894,39.870939821072,56.66081988946481,56.10254361390208,0
38.696470977617054,34.43904951469297,37.960239885522455,48.40434542472935,55.879515215519746,0
110.64150417746683,96.77478544480792,83.00128472989547,127.33126173198085,70.96153691865281,1
18.855361240577885,40.9835488449182,46.70657879418447,40.66021295126956,51.04772361968563,0
65.07657677317977,49.71529289363303,63.291275171068186,44.40781727780207,58.87199432415298,0
59.57614775010324,55.397003849079894,41.349229835279175,43.44222107653432,52.74442669916955,0
47.02652736420544,54.65918348459093,48.241261365896776,67.1618980652494,44.567242789638144,0
42.82288464530149,48.73868734541044,63.28886639581589,42.59842847453413,35.19203598882918,0
41.88390419777697,50.917756999471834,34.896760750593074,39.31712718908045,45.591408417570534,0
104.40885909458687,81.66184880286126,99.58526388784725,90.44778208526361,104.01693932201931,1
68.45176097885019,89.48961450021648,86.04113843409841,106.65654759942667,90.19676919063755,1
49.562872054283254,58.615059481724096,65.9934757442125,57.7146344325816,48.002723856374864,0
37.75168652564293,50.52599597526123,56.02244128845521,59.65010631463382,49.82342600651903,0
54.992675670447746,41.60272434005206,47.63712470246423,56.89488890194329,45.879377444047904,0
48.07796071743707,50.60211546224743,45.938047043774226,51.554569959786214,59.035330190135596,0
55.53236182410044,43.318868202255885,52.650303942507726,52.8438274472205,38.13917325342004,0
45.26464713424234,51.032255210096984,40.17434132197527,47.5795142295499,42.844067817086035,0
54.57689329694822,48.56456884913656,63.144341371706616,60.35355032663652,62.510181710825755,0
45.58893034013056,37.695073734062674,46.11976567641869,48.74615496917259,38.360138971261904,0
50.42325841670619,58.48649687766877,55.442846942963406,53.45920558185029,38.00240847102914,0
43.97626499442437,48.79483520325462,47.2867783968387,54.653077760430776,46.25820671892351,0
44.48549317888633,60.621492616193954,52.26211355706824,83.49369097601783,50.99601872173195,0
80.4995705008821,29.510483250362892,52.143688524960965,54.35416385545592,29.962450862372126,0
61.01235892460535,48.28281044131529,52.78867453447079,53.29395076296275,48.71374714219962,0
53.05107266607051,60.52557561129354,35.96429017252898,49.306326412637496,43.212233998765825,0
52.16052362262983,68.6749178828071,47.43483871328484,45.033618165360686,46.64054675648396,0
43.32976944298781,47.8224100296665,44.73707441514341,37.371304821210515,48.02190278225584,0
53.52748902817306,38.17860132228707,50.46847937827568,60.6602440657059,21.522451807809215,0
65.15780897078594,46.68916860425729,50.29374753103317,54.142742495481464,25.314539546270463,0
49.09489727978702,70.87974419475724,40.638925811667875,47.10074937759391,39.25177575419457,0
48.57147459349721,48.60155343390864,70.54105901851128,51.405214934700325,49.31710357036205,0
43.89773911166168,52.39805991555807,46.21843676803538,59.87569506168903,57.52294015096023,0
38.296828202701604,46.17016297191806,52.65304840274483,37.82876037093395,35.40935872199826,0
42.120196626317316,30.233254516362013,75.57414740356975,50.377211823865,67.8943567536863,0
58.58663180406239,54.342175928802114,27.621763998295663,46.844352815774684,49.62736177790515,0
53.42674242105531,32.27890726351915,47.109544494818124,55.63917668897303,52.60396638140848,0
47.37368165594761,52.69416670521862,41.76098160767266,44.57466517052224,42.77933898869701,0
49.71875097107016,58.414482942219955,45.546852094786054,63.513982252662046,45.7186545043552,0
98.2716018851532,90.42750200696324,87.37367117828798,112.81232250290451,108.93256739444121,1
48.320773135352965,53.46838592086504,44.929441243283776,37.605248451930464,55.85178669733847,0
63.14569172275773,41.8504276783693,37.995921728662424,35.472025616452434,33.08401050073269,0
56.6868519196014,38.77577382807192,61.39697143662177,42.1427399692513,61.98053922403284,0
33.70759268242868,43.508397956323165,26.783339917061344,50.04710112783366,38.997806596270124,0
130.49402647266277,109.51229353346488,75.28204023998128,90.47214463090685,84.47517116539524,1
40.30387062293258,52.916778721103746,37.49741085233801,38.21699737641163,67.20759962103924,0
89.84513475735598,117.3766969072256,108.4846347677439,80.12140301260261,119.1737982831041,1
65.64805656474894,36.644358260525145,42.7755582127774,43.020865904051824,60.437825285229785,0
36.82323524855158,59.46062443414508,48.38540639182507,39.6361979301554,30.105155609869204,0
52.32396807407625,49.015232796750745,51.31616037616619,67.78082578967184,33.986908817794045,0
58.83029737837023,46.99043390166649,39.55053775632184,34.16561801296014,38.091894654429694,0
53.296719418655506,56.87754220437869,43.466205337772486,57.795650726478385,46.33306197155353,0
53.644696359914406,32.7534072263454,50.93288898737628,45.983718544437224,33.066590478921526,0
88.05758971544182,138.4023389274013,123.58492412784254,85.11958236084757,94.86464413729836,1
49.85223798999622,53.983382724671515,36.599687166647485,66.18688946157917,78.23996435546573,0
54.04453140706479,65.78604149124772,59.92008718355872,68.85031619421179,58.18616557616495,0
101.56428942350429,91.8061482151393,89.37400638633302,113.01681275743864,84.80771521065415,1
74.556888579337,66.72355351700253,111.44556443923301,84.09329596801359,104.21211555851376,1
44.06576406743067,53.99505680884374,56.714340174057824,37.41020913426854,39.902283931445965,0
52.65635248086799,56.40994972862796,52.84727285942747,38.86844718821402,48.30085829017561,0
63.75345873055046,23.39777042647478,73.77405939494363,63.2586591355581,44.88631886946995,0
62.623944719634196,47.69895755541692,41.5033072153224,43.54207018394878,55.303641769129804,0
105.89577378979449,132.39678847080398,119.98305931904473,81.2374700613239,101.6836348347281,1
49.62565973499175,44.634730799409205,32.89222840907995,36.97396766459251,57.35575391559527,0
50.64733917029509,44.45330708987517,63.87923404469176,46.17025282073489,38.94539717647007,0
23.81287924810803,43.866673136148066,70.45642999191581,53.91466053152032,44.22326325180209,0
44.54110177172929,40.51961467163066,72.3779360508128,23.71796270054828,61.46092465584216,0
50.93766694024481,74.04398599603763,50.15592876525479,41.48564951425397,65.86494669650371,0
117.14322530955658,138.96291139982793,82.19724796002261,73.64989322220396,128.30550639447046,1
68.56533938115533,41.7445763184008,52.03644789742563,49.51381333700816,59.49407699938644,0
126.30829983777794,129.23064666486542,29.813613815375234,140.1973474084087,80.61520222317617,1
35.35235746930292,46.4634160022055,49.774415289669086,61.85074486758432,60.889289215356115,0
49.50368100086326,49.01099476076707,51.10975450970493,48.826108742016366,49.64095407840992,0
30.507900299048316,49.29326734827686,42.233496812509316,34.42421367413591,52.69530899239248,0
50.57938527714228,42.22675541736517,37.83085768909755,48.91373910156732,53.16261671317871,0
60.76183557879639,67.12279942742676,42.447248419437365,47.44024577538207,36.07258246996609,0
33.84373408765312,65.51939943229883,56.52197965137831,44.22405667457493,54.51794432379015,0
63.19647606173881,48.360249289796556,50.44863631806302,45.389422865546756,33.743272814432316,0
69.21708604213278,57.28368545308861,57.54134286109853,49.075389405834144,55.984035842476054,0
122.94471132946127,108.8906618459274,91.78128115733679,109.38646004222609,87.47959491805702,1
45.907247986010134,51.904980504225314,74.97940227411986,54.04268832862524,38.223409923697766,0
65.68990246834566,62.80995244005406,44.005290231756426,63.89132885822227,52.98210933763675,0
107.46645996191633,126.04298520653155,134.40045479255411,99.18646796742425,81.41527870886388,1
33.20853931688764,39.16900366678333,57.08326133453067,51.99130538730802,37.73644232772837,0
52.781876322988744,48.17703328585969,63.687887724053766,46.98061558545008,39.00522564559901,0
52.740135802353315,41.900161880218825,64.55851132066648,44.35151991222907,56.58593630631975,0
64.09935704788724,41.62681979534268,42.352956692033686,46.452308768103784,51.40357946588965,0
110.4644369519178,88.58293545217674,97.61374590943834,145.57150283699576,122.29704983265259,1
46.39457718009661,48.66487865803843,58.22012618924188,47.531427973504016,57.062910648635814,0
77.89073701638634,73.72307087692508,112.39599823698336,134.5512177431076,87.65253144658374,1
29.55518615452013,41.73966217620969,50.32409851348081,51.71490960399282,45.937754296980614,0
52.9120978942668,48.08467109969491,59.007496505882195,47.422817131069,31.256471201772307,0
52.84105239030406,20.716085167610316,58.26275496501859,49.82749208876737,61.602926135294794,0
62.21260347171003,37.52090192135749,69.3750311166367,44.843728503915926,49.11765728794384,0
44.14705917984223,45.93079255678826,61.50309704758029,51.893675103851706,53.170147347680874,0
58.74637494015402,58.67306147880027,40.86905670151662,44.69889714394604,55.16595543453718,0
102.34693778845569,108.95209896898841,91.7377311979125,117.94929075724417,105.57991073011272,1
56.1069395603186,46.2970862192817,44.9418434667741,54.79578152652868,36.20552149990276,0
47.892356996037506,65.11226938140832,46.65846523391709,36.54102076200445,26.085387045496415,0
57.75231719470987,39.82045826401504,41.227768867113376,54.014584022143154,67.60488392096472,0
30.735802832438,48.50699928681213,31.451411381221902,43.88500343503452,59.0111055937571,0
81.5416691990542,88.6834628386729,62.579165251387955,93.14453928468839,61.64397441128573,1
61.873700621759966,70.63604665900925,33.97997510986473,60.44565133116533,41.4106053973109,0
48.8126786901612,50.09593101205877,37.47947169360096,68.45623354613136,48.71340836088228,0
35.641846705282454,50.85921505128293,52.138446762748394,39.247613054436925,48.88095888063613,0
104.06341289405485,96.32229699500265,110.3150133100628,105.7518408504233,76.12485512890426,1
47.76587172902003,53.05897793534725,36.91046450773725,45.06884995234111,51.947024773958276,0
55.1595872494084,50.50845865725896,49.00952892785629,37.83533095756202,43.423842842574786,0
50.64796442890813,59.7431718457871,42.008269761500515,65.73880646687101,55.83048929254562,0
33.950555909313934,38.05527450166713,46.265915333221244,62.00996492691236,39.40036025684853,0
57.20812614406077,39.18797646011956,40.709790553085,52.827043729458424,48.490296590451855,0
118.87864753933238,101.11828650922847,91.89671600223271,67.72685196714951,103.34192711202348,1
98.978225448795,103.42484482147516,60.35921929296536,103.96463314823717,111.65659607324041,1
51.48683066947395,73.04950080199953,43.583881074065594,32.40308622125717,42.58250920277874,0
56.688884052737,48.129596438672436,58.1461240269831,54.48449262887604,43.837636557359886,0
68.18147017560867,126.47419574904308,74.43601124445831,101.2526620464446,107.511768777167,1
30.320027300869604,57.62606813788062,35.73234719911083,38.843759676958705,49.14370083797646,0
73.60466891841362,125.81218164051826,124.91840519687017,102.39110291517812,112.26514003873132,1
58.36773000859219,55.44361266140259,53.07292096954283,45.943175442548466,44.710093282258384,0
97.89884879963998,99.1729949903376,109.2914761114805,110.81300103376876,128.53348386453206,1
59.62135301268316,84.99804502822953,61.30958046589915,134.5350937996215,107.0074976821307,1
48.197128617290666,55.36936395537603,43.81101371968043,48.174381545025945,70.49601963203973,0
42.994654321556794,52.3682623741939,34.826096317522385,59.733414760420146,57.911227048745914,0
53.804866119833214,41.60040581874101,43.63507033294166,53.74838719116787,49.57299278229155,0
36.09248472335594,54.78172037130693,57.06193556374668,64.79691451768736,49.14442747097537,0
100.60450864516055,97.12988615325166,122.69666971189062,112.8732057637027,81.78090654170184,1
111.768400193621,114.52444266586681,121.4235655949036,118.22442921943298,139.006233146949,1
49.672528912791044,52.98776703873753,49.47634505195736,55.11883397390024,41.108717181155,0
56.76318029785479,52.551495946393445,45.23489797506393,27.548048253019264,49.996275196351014,0
49.45884522579601,30.15462891184163,65.32782804984575,45.782779509376795,38.37443156330353,0
46.07066799210116,43.26976205804676,33.63819300518189,51.804243635398535,25.106563424304753,0
46.64152092973899,42.71860805125562,65.0262810666031,37.91233675955557,53.421930157383656,0
36.511435091591956,30.690893076654294,58.29100123890646,47.51474442385326,55.89879362803483,0
57.72758285631677,57.603392478804665,58.386678035673,68.65717112860763,54.255208435743675,0
67.2713490294522,38.219487385532005,47.95878440057339,41.480074331114686,37.953796948365735,0
54.27685097357755,41.85081878650789,50.21844640024912,32.40058181402761,52.78298594926856,0
58.523432770922795,52.5835061202744,54.31447049742523,68.22455288552611,36.23929741258337,0
47.915866624453656,34.65959574507565,42.61902990485818,71.739149444007,48.72949799855324,0
45.814837560577196,45.190175623934145,54.78619674794905,56.253327118069876,54.08503859243525,0
76.77881346473322,87.76877488565167,127.1922069088969,86.2302718991943,61.82005271085713,1
46.01705563671063,50.200809794403945,53.550361638866754,32.34378044148149,56.31360973120826,0
41.405495105681844,64.20347095482865,53.55910465234479,77.44942758433969,66.77317093426957,0
90.51124175520754,129.25506562153936,95.48005560136205,111.64872725828363,98.32868377668389,1
58.60920410877772,49.93263076452438,45.29447156811495,56.166063805293554,31.84100449067615,0
41.28165212443798,47.70415753688602,49.84279529293852,41.07378872006973,68.10154708671,0
40.30356026419512,55.64672707076294,52.12424836794091,56.3070738985994,49.405942857863764,0
47.44380052434865,40.83674446634514,61.16506327897136,47.41462302936689,38.97020538488757,0
50.160292377947044,52.682163492243994,53.62118428050434,48.48281284186214,56.631003239458344,0
58.18063311965115,52.51413886723347,43.04726564081437,49.92800352002731,46.595687116127216,0
50.52840247985075,63.560446575802935,58.54780511516218,57.267825914409,63.900690688258315,0
116.98930690464232,105.16240749014837,99.0772760867475,108.91181712684272,94.76699788444938,1
48.05818953581999,56.323060978795716,46.36903993007837,35.61335510249857,33.15429370403443,0
35.97750054063669,51.043928406091496,59.9173504992346,55.38937956055586,45.92805594828887,0
53.11012602226534,38.82998072127941,62.44731893777586,47.540972165290555,50.68577646484604,0
118.33647000704232,123.33227872347733,123.33047273528317,79.48524050177767,85.45019988921175,1
43.57082150903438,51.931586370599256,51.888973016995884,37.29522816485389,46.179402967063936,0
47.55750873640412,47.10452962569701,45.877836997706424,53.27003564282875,38.279320738178455,0
57.68326562714387,50.78477063976246,53.88665159502357,48.02683937047074,55.935725640558694,0
79.69289822344244,108.97101589037399,144.95907710765363,59.39735716884328,115.08631059149042,1
44.23350111349372,60.98154880025355,46.36274305869274,32.843064760184376,42.65744125034693,0
32.301188529634786,66.3939956625756,47.840370418865874,32.53816780987787,58.77389206619917,0
64.94837931858272,58.51464482563036,41.65543206946074,58.643644395227525,58.42740896638381,0
86.56237912153007,87.03380935017614,79.14971794262065,159.14600865830909,73.12175093168203,1
45.65206222678527,46.5156108414597,57.67741493551243,43.299616413508744,62.89423905576437,0
63.987988241199,47.78790585790864,47.23276489414277,52.074649514666895,51.72987947313566,0
43.49419135477592,47.62614347994195,48.64930283728002,50.395968127155776,62.678954748831856,0
92.05221989839123,85.79705145835796,69.20222044396232,82.44140920443176,77.98904558490113,1
54.60787058827949,38.20848327191797,38.61419562596556,37.8873881819892,42.45456151185583,0
47.09763396435318,49.52563478000143,44.11253348516266,73.27223805690825,54.87247957448464,0
64.16959632953709,48.870056156996235,56.93678351113778,45.96153408310547,60.667288400357776,0
53.58778797651919,61.63254806921885,51.80039253629382,57.79053674677596,46.53717850820175,0
89.61941853475754,117.44483802255402,124.94025123355152,140.2874499542749,87.2579630376489,1
55.55117484036914,46.98649040102629,52.436690079997476,22.012606542828593,54.066877688211335,0
39.348655578558684,56.756302682537125,76.38081383705557,54.75960339199584,65.16472225618546,0
48.8752973493229,48.41508429120393,38.4485177780754,47.58602372379859,54.95163824187673,0
51.17737423242222,39.48256216757123,38.451981050261175,62.154733876911834,56.60151750557788,0
49.057075522324105,44.546730064813445,43.730756954496435,39.47776857980546,39.05826852426525,0
59.77112827504832,39.592360451977505,61.263443031338944,47.274043127193096,58.41950887032152,0
43.606435996952044,44.854673661659874,56.13956830223475,63.209559542682534,56.26562811619652,0
53.809338863810645,16.77643631870651,72.0611983933007,37.222118717775615,54.59920631224041,0
47.79496978731612,70.03958174631572,44.74097298241986,36.69103149909283,53.061336767893934,0
53.372971767028936,55.51675051905449,70.24129419022768,53.611484085202,62.33267833900359,0
114.55338719769678,106.34224705058821,109.30685499088445,60.540354217394714,81.16516065697184,1
65.9464000253928,43.26058886334116,50.64759362012098,51.13027415995915,53.64469941786915,0
54.10023858736786,55.34758142940812,67.7815137504018,28.39837156904483,48.63803128104827,0
57.183456445852045,47.308280547861145,50.107522548234584,36.29064493566831,45.541519138428654,0
61.38310859654994,39.410962050002425,47.38208791411589,50.27325014716804,55.99335582668838,0
45.21919899846791,55.62826525586566,62.83570550807479,62.40648924065431,54.926790397447576,0
36.676218475159274,41.83398474045251,57.44496914649397,46.76151182134225,51.454676285158136,0
87.46777261521781,117.48325406070651,138.13033523241998,115.78335162227295,93.93052390755497,1
50.66172601588746,53.97034395690037,38.23819155250801,31.47712692798326,60.534204130597004,0
66.06388792616984,35.71822986140918,59.47214721779387,50.117883750676064,46.224617358394056,0
47.52551536768275,38.29733074433317,38.76029426197591,51.34882052281531,36.84669976376678,0
63.34225454983503,45.718903400328614,49.0262466950729,53.19796851828624,47.10262950305499,0
53.4209372733967,62.24500792737416,28.06757885214043,49.554492774351026,50.0703511267301,0
44.92503713891867,41.12076003624865,51.27218453632844,42.34898904098786,62.41339015892594,0
131.39844243344527,89.03450985815225,95.63540831140533,123.03679479690933,105.4020879986484,1
44.66987490256166,62.91157850782921,52.93253691763912,41.87460574130443,64.861097584081,0
68.22334616006717,47.881414213080376,39.04359795188792,44.70484531919495,53.737568438434394,0
38.03670607684391,51.43712582085511,50.80445083702236,47.39413305170215,43.084860662132975,0
56.61135065865868,57.59959538861917,60.526065070937655,36.3079783966068,59.316165029779825,0
45.57343699353514,51.27870591913337,56.563253688043986,56.883876124561155,55.68114074985284,0
38.09717547410161,55.79688474131413,58.35997363060184,48.3068970467606,61.223353037344054,0
35.838070158044204,36.052495393906,39.192701359508106,50.24416561573692,43.35713224818157,0
32.85851268844614,41.43128773908453,31.144174701055015,41.14251062662561,39.03542407928053,0
40.73804577370074,67.29882411889909,41.74736069060489,41.14632811102094,42.136887140988954,0
54.69259030833866,58.6035859798711,52.549799094987726,46.1374104068778,41.4947605779468,0
55.40146770413879,44.93600506926019,48.23838266367312,55.09487985450632,36.25761791820466,0
30.300260446831423,51.96429102950496,53.47596632552642,60.95465012060362,43.775017675602506,0
37.405883256917996,49.139969442307105,48.878327698706336,50.72984276723324,41.908628886593874,0
59.60413150516127,54.48646450324733,36.476562151474866,64.51023759424069,54.69970152704385,0
42.26285199782325,37.12146113591,60.10002166626197,71.62067304905007,58.058181862702725,0
46.96771866889514,59.01524882859097,66.78118529882798,56.28202628781831,61.095281653253714,0
48.252289548017444,47.18050580397824,73.32943774901548,56.50412967244168,47.22599277479834,0
52.32434541632514,47.31472142172464,52.16550382080898,54.323591775036164,54.421508443922654,0
70.20973188550296,37.17946801893622,48.39757490989308,47.833994898468205,39.40581382025754,0
50.73220958040389,25.07145164652865,33.6167536536083,38.911887313039664,63.20270163003414,0
60.976897011806805,51.710391817050315,58.96827835283828,71.69462547658745,60.65689235408507,0
102.98150796041828,107.55637568534576,95.8748892414221,94.76952777371427,95.72213836328503,1
40.56079912101448,62.50000897381601,43.06514896204518,67.47025324873124,56.85604878517954,0
64.70416993365495,45.85160052662129,44.89694105773008,58.693628610280115,44.64601901992308,0
41.883470125934465,38.98205181466791,53.88069632298646,31.34971515467498,43.95850435273173,0
36.796053280642404,31.139930080669526,42.2590296761329,50.429344646597336,43.84303347916801,0
125.55099806700436,58.53356147459108,116.20468474721366,99.82460744886008,131.05893638169044,1
62.476739695872325,53.09537386113518,41.21504102037828,48.497462084215606,44.01273273719229,0
90.33660649417112,120.63104154021217,110.2522780020864,99.5016929553927,87.56406488828262,1
142.64989462720612,103.52002431087561,76.3427694616281,142.46897459289553,97.19883837588907,1
51.61752360916047,46.03957689864641,49.84124288503137,41.876925533118076,50.771999351817186,0
81.15504716762061,124.40933219162366,125.96484020395033,85.82880162017068,97.47481002912166,1
40.96481196321546,46.69988622009491,73.25410256771985,46.50075660570141,49.65092995240853,0
46.06058702965669,51.51914919088623,52.67790458716996,49.12220431037919,59.77721566665816,0
111.38947397566653,109.72917338471463,141.26611310582706,61.40777443350645,87.12456909905221,1
90.9476557509035,91.12390415437225,83.92763827077856,101.3896699267723,96.489916133048,1
94.53032999203128,88.8279622414275,81.6289486743803,105.30399963448464,107.5206866748612,1
51.908418755166906,68.81733838528025,62.24406849085972,41.86184477083107,58.82627359374244,0
60.29300921009929,46.71433617985612,53.410137962436195,50.61567875230761,59.926942221418344,0
37.30228542561839,40.50666889095983,56.813454819672515,39.93275434447436,76.55853989682957,0
67.34720130917239,86.38836695701005,83.14120690639425,84.8854879126273,103.05647849581804,1
42.436732754421485,44.86808517471633,66.88482041296108,33.53857274068237,34.020308144120094,0
66.8967534221914,51.560202683171056,54.40894542463095,48.13233759834766,48.89413243316735,0
58.260767429672185,57.00036837046146,54.954471763122726,44.767277469429025,38.33421542205686,0
126.78728184097241,79.69532034839756,98.1370232983598,104.28568320006103,76.54874810750489,1
50.36572997013025,58.405853988979885,52.038251199124524,44.51654203873276,24.795080867155924,0
45.78547840981823,63.58701735035062,52.862778978934834,52.20211610274158,68.26440869628352,0
55.258915705376474,46.23884053878693,61.343431299426875,51.060489897359126,69.88042957724099,0
49.585273619054696,55.63582487801334,46.99163625374233,60.604364005069655,47.12085744448345,0
128.63246448534494,129.8737404422261,79.59778841469047,81.79215466775904,94.08010162164135,1
48.5883752575497,54.79386309987172,52.879227787697694,30.224917873491083,59.91194736408307,0
132.25535098340663,94.78359720525143,113.9366661328507,121.66670388978366,121.58574155103955,1
60.80568932356076,43.074184463001906,47.318806662180904,48.83182461902024,66.48675327898556,0
61.38489153980172,36.94882351469634,43.538470532243664,43.518165076077835,49.71932167338669,0
106.72858731986975,99.8316187601057,149.53164792881822,123.1199522021817,79.43378522575236,1
39.23064766019753,49.4797845594558,50.13803770733126,37.23329531818428,51.60751924722516,0
43.90402364434627,56.8729165973727,43.62090551752479,57.4388235853958,54.50833575391781,0
57.258280773023124,71.95637938635494,48.519941209254576,60.05997974011143,68.22681868807868,0
52.94781706210726,63.16044605768376,48.841842725638095,46.389951978757544,53.58355853832684,0
47.01822606521664,41.409198946835545,45.497917868848816,43.988728394556915,43.03400662575125,0
89.84188458432409,93.70672705821869,116.52125591610172,137.83313248337257,107.33299035775924,1
119.31315201335447,114.30359454600057,102.82436700821364,86.36791307971941,116.58516763207899,1
39.798111141182105,43.03941091358809,62.76716533292258,57.738108846781365,43.79590861865441,0
52.33214021689001,40.36264678778957,70.19931402889156,47.63012959231626,50.23047969816361,0
33.21884184965117,40.247220040110484,53.98596207128357,35.629113759600784,44.287400561678695,0
50.04745944823498,47.122968682140524,40.0168215948072,57.05433909734615,51.63118461498789,0
74.1513230320428,107.89456601414632,100.06238965991267,87.61999859850158,88.22799664295853,1
33.7200167886834,46.82972407811578,46.952364769104,47.555305010436165,36.03958222140525,0
70.54840034808646,62.46126979680729,62.64333099926101,43.0774615874555,56.24719842526312,0
48.43201847059871,38.1859483484646,46.71873909231708,54.05838679106781,43.00383473973142,0
96.08453305007178,74.25531353783853,111.14337394549538,112.69319263283163,86.27477525720725,1
60.843172129253276,43.634282620486765,41.69425738621266,37.24682033811495,56.9665426905738,0
66.9911022651161,42.18942789777038,68.35942273400786,57.911366574290255,44.06480851157578,0
45.3884905943966,48.86652618000279,39.99284711116033,52.09293154664127,51.17318462591376,0
42.56925569533179,47.136243542006376,51.59602072808474,52.05950029460629,56.6981230316478,0
27.874842305343392,41.36378893973877,44.298975951815144,55.82500767879838,37.948129656984364,0
54.66698749142516,41.84126620325944,55.80003357901719,60.40115832873092,41.45819740796678,0
53.07759300133874,49.890042616684234,50.34571134168221,49.967315549816504,50.35149944518886,0
57.74640857542511,60.97817218356073,60.635339132110694,56.85500631018887,59.22331977993517,0
57.98181090337661,64.98971218869109,55.4142976043558,55.31236493138666,50.166949006042934,0
88.5656543619034,126.10337342292128,115.78360171621351,80.9508202321541,72.14512366997748,1
54.629165440797934,38.300523140342115,45.812969665918864,48.094177561082304,59.917835275010106,0
129.9630754161452,53.985429866851725,128.8380144948998,106.76026188122665,93.9788059611506,1
48.99225932714648,40.89870978889279,43.743361062757955,57.87527407163485,53.422438214044995,0
29.104751728080455,52.588606225261486,60.74901439349281,60.19559460723021,55.090580851141596,0
42.723549437188325,59.50642998798733,38.28294581585932,56.26863016397499,60.321835001143164,0
64.83807877682348,38.2540599314326,34.66927655863669,55.96937557406069,50.929373984916616,0
66.6153498309257,51.692942883545335,45.1021638594285,48.787669693269656,61.473013851762246,0
39.71272562135012,60.0962182144773,51.60827480898796,57.228453239957034,37.862730466876044,0
103.1907543340699,95.1758915862809,118.7096212417415,103.75719516316461,107.1212724501338,1
88.17797698782212,106.73253689952257,107.75821746591944,80.32398185529466,104.54396785780418,1
54.515482046369094,52.98754395395852,43.90160170440589,55.322075606400944,45.24335662275014,0
53.16184325113813,57.9188069584861,36.51262089582891,46.20260852374565,43.046303274659515,0
66.88750570548478,66.4133816635372,50.96391104004071,70.1747194235281,35.851275995108814,0
67.94076616058288,46.9376171946943,64.21142269629256,24.599283566955762,39.97279599261091,0
50.793351418502944,51.806098220837704,41.811393552729854,44.7127604529734,42.456357909548856,0
35.783745340966746,37.27565282812158,47.343221612685625,40.83495159817228,42.25594210154017,0
58.68968388701933,43.51409192057254,46.92027065876295,56.96897339034764,22.542307062792858,0
49.54154471552609,72.71940133455605,54.74122796336852,49.79603543889757,50.03167607982198,0
57.555013050778456,68.5370244641203,52.50039232554429,90.13309566611971,44.47909116029919,0
66.3146969436377,56.5690215286924,54.371854773929655,30.196646397646,54.5827301208915,0
49.83589579350672,42.949050961235486,45.29345202144585,56.02397024764701,44.75068157214323,0
95.07811469033328,120.70225864548267,109.50377735162655,109.48442695000755,132.69684230042498,1
47.96847501614894,47.989516250617235,39.16823543386896,63.04139711111757,46.661922748166205,0
45.238481663555675,63.096345023337705,54.46151000566944,35.35967605346009,60.7566473311239,0
43.84315173572677,53.898000254387654,55.1338444375106,63.427980968973586,49.55352387950182,0
114.07259540204271,90.24927257933751,119.69679667464641,107.32748453231261,117.83281395896746,1
66.49978793958198,45.282750905863665,52.010066405313424,47.987228015700815,41.85899728729092,0
62.12154353699158,64.69699948871356,55.87413526247533,40.45089558723208,31.266061720961,0
61.9399711200567,47.774385108863854,45.905674846459405,55.981767731350985,74.4346464772151,0
72.7594630822359,33.975707692121425,65.30676291119863,39.4299433638294,52.06539883167741,0
39.034693993599745,47.163193452405345,57.128637759044764,50.76453154032415,57.29855716786008,0
50.296584959794274,57.70245756850328,64.5950766186687,44.439848719514124,41.49281483326555,0
55.96527343031782,57.87203581671629,57.6929168088755,54.9080000151278,36.77323925484083,0
54.39524415686341,48.99645502042646,69.35346673779613,58.622428355679595,41.98267643724036,0
52.656466375426795,63.03005427303644,56.96762669365714,41.01675347528397,51.98207533831296,0
86.94444231980607,90.15936826575079,85.73621310045417,80.86392713109973,130.67279793223886,1
46.74437285370067,62.66205059792082,41.24857515218204,65.23549705529659,53.58803170966166,0
50.279461661133844,61.33512866760441,49.28672853806173,46.190546958447065,61.68870405054585,0
68.07947361891726,33.32280586197351,26.191764753397422,52.58530270309115,32.68363633075647,0
36.59331666167768,29.761274999478765,63.462032289896094,61.04296068270583,50.8514845094699,0
42.67702261503447,59.243357732125446,39.756443811471556,36.57737140933694,40.224192419772265,0
111.85218217419958,133.94605888465742,97.08332481575937,112.18936608381112,95.99306521204089,1
73.9612361780139,104.70944571152208,81.15707636026886,81.77269567148734,72.86020406710868,1
34.44321627236062,46.37728327855126,55.177838695911255,53.660562845507776,44.89015074734267,0
46.13001498069564,46.74197603032957,34.23687193958826,42.16361664089256,49.80147473762724,0
42.75861477755846,67.91456940853156,61.60822651353347,63.499292594577184,46.382373438013246,0
37.12944966282995,49.64109414896113,60.97206928694993,46.74988682187308,42.63387288703924,0
105.4521028309569,100.41232625304828,94.2689102951352,76.63127096291873,108.98823637219311,1
37.81918964522058,40.14143905641574,55.63986919026079,39.99053983753428,54.080031155406516,0
54.48662955575744,56.78206398773842,61.431820410937746,49.82449530693505,67.13173810546573,0
67.02018872779462,49.54560738094012,58.10912812967923,25.931045311644528,44.75928797335741,0
53.50399067771164,51.58491569215289,46.24916654282923,29.393151195426004,63.85592809374759,0
43.74857007264108,64.63277869820104,62.22832595361463,39.669625324252415,60.8013729306967,0
36.254831992281,60.39805305189091,28.328746260814363,42.25866494811156,31.709652000388328,0
50.9970463926322,61.93195851607574,51.33736592053499,65.65328850816836,51.348729447339515,0
47.50010177141257,46.42567793622641,48.927339967314225,54.32656910646189,40.54415281419385,0
39.666691894338015,63.248745100983605,48.660661131133736,40.13862681737612,36.56032964827122,0
48.29047096129268,46.32731563174321,65.15335519574717,48.61609221674308,51.18038629567213,0
45.36384856475194,48.50176284489646,56.70517439157224,60.65170300202702,39.924799004042576,0
54.557118449043436,36.589795006053905,41.33291620688337,44.40770133021296,59.02973182306525,0
57.4135768453189,62.16868324960157,44.5218371762425,64.42656989373785,37.73821780111674,0
54.07330963385166,35.46313577096875,44.906019274139574,40.79023690851965,61.28232084691392,0
86.21398596585253,101.89667343925497,101.71453361279012,147.2754529301095,100.28459784051303,1
87.99437313231955,115.05743593003812,77.26619651932938,87.83648581306879,100.7382873755466,1
41.08732147820109,38.444110518516965,54.562753896114444,56.05701848830165,38.37930010110006,0
106.91045400371786,118.56692257817079,119.76487319004819,118.0107904224294,113.83402084400159,1
34.50167884115517,57.72055828602247,43.420907785105456,39.099807080362474,39.527617867554454,0
61.87666349344352,50.110743439384,65.07298847533418,50.1811875723147,42.39036542582479,0
58.11859776532427,58.585753337485045,52.0148967745673,50.047765378652294,50.49206882794873,0
39.867705251559094,43.49600817329556,51.76290601891877,44.483073536364515,55.586900972997235,0
43.564021934837314,51.411313364655385,33.87623954198287,38.657752844756395,37.53655627450115,0
48.650666530447275,42.475409176619884,51.927848990773526,43.288206778448426,53.98320972726474,0
46.46279089105113,47.23436364326181,43.148203102553495,61.56002490942511,58.01575936850291,0
71.08702702148742,48.800205949410525,38.11595225090732,44.0318305258574,54.73143329518196,0
101.71436635520594,122.80993866228823,91.02660353265962,122.53822992610492,119.54239187842273,1
86.43877815424473,90.0583690172205,92.83446569529717,68.02423177466655,108.5924358713641,1
32.325105153078646,53.42256085103338,56.370238955264206,44.4597513083162,48.720219702748295,0
68.63767852455413,37.359076975291636,71.20999992859004,37.483131053778216,42.636917267977644,0
60.89571519680855,51.93309655881706,50.68564515972118,34.66777481853918,63.88711822125981,0
46.215291876956435,33.782136191906936,51.77143168570597,50.38203085919371,31.668653399026695,0
70.16583293287866,57.1788665390395,50.87253921205563,31.74415940813296,45.92293755237176,0
64.53753186473145,49.512363876112815,26.71787490361721,39.509564952789084,58.6533605206143,0
48.02600508358836,51.65555267281555,33.99563138406253,44.187664662943305,62.68184506320894,0
23.704179948032078,65.78830621436703,54.176328719287945,54.93445145512537,54.80978081527617,0
34.13093769131161,52.21502636409827,39.97515127509614,50.01918088471313,60.02628172904398,0
55.28974979686247,53.19043489122195,64.1169124932662,40.83715888420556,44.0428362624872,0
62.75622727050484,66.81524064173588,48.38549091434789,68.2238232005555,54.04833026676776,0
111.89194578993131,94.34345107805399,117.95493308343609,94.05072491654548,91.86414614896957,1
125.26270459570092,104.28577086364187,83.18974027935108,79.4460034084212,122.85659169352066,1
46.416765696031696,35.745250526998795,67.36328681503127,52.00831675298499,43.82941209018873,0
41.48880380500687,69.51122721339429,52.14010834365517,57.91025641368523,58.2560133172122,0
46.33193845743276,38.43509310504324,47.04413787581187,64.92271114121722,49.899773721773606,0
60.58775079245072,66.59423470083459,63.848066871529404,39.32906679349281,61.211489439333306,0
53.679030163504706,54.349260100357085,64.64632374557831,50.10409881191984,51.568508649466196,0
122.52115972772393,70.80487614616754,122.25351719647304,86.63797257140118,103.07452191463794,1
54.931402346794464,86.33819937961587,42.18056836431762,51.87473427355079,53.69790144305445,0
58.787584283657154,18.220963354956336,47.66428747199722,60.307978931639674,42.922846021461226,0
99.41362657468977,103.86374608480156,92.79389086988421,128.48742338125712,104.69651454970092,1
122.01949494748095,122.31553890025233,70.7438397278122,128.22585295715055,76.88805671066146,1
27.804247792777005,49.790329988175884,56.50478240929493,43.822082260881416,61.916967653974666,0
48.54666544561614,59.63572181036969,52.8533787278891,62.235843642566245,62.25168341215067,0
43.01313639024619,49.93254522123539,44.301665652546966,50.86659039709396,39.50048965639145,0
58.615011084542736,52.15557057732171,52.936633375530704,49.47267239755439,57.54004928986269,0
38.948959031236555,44.17819075130037,35.02162719364277,47.34292919222441,46.23987023975059,0
68.55940503149644,88.3187256411087,126.96471289325319,101.78154210901367,108.4195269534913,1
44.71135935481243,41.71386132700239,61.08997819374399,43.60916132823024,54.613284340962174,0
50.64254516634048,51.48759617289231,51.50079158451909,46.456147116644125,46.30134655062681,0
94.14676502161137,49.068617192595916,74.3266969308427,101.72665747169891,78.54689004193783,1
118.65071486402505,97.46098949368627,71.11548961929763,142.80701848442652,102.09729752526786,1
59.10118225466543,44.751061330264584,70.72575225477496,45.989392380808376,54.40249580599193,0
67.14778105495206,114.18265491595336,142.58333603953167,104.54255221975995,103.16636153849623,1
53.76345865110953,74.40721518278065,37.354658464993435,60.247777897679605,44.24762540312576,0
48.57989344353931,42.92466619328456,71.81031091257026,67.14167760251891,65.79214079535512,0
59.018573413784566,45.513560167458174,40.515736768563855,65.16188548931845,43.248382493960605,0
67.03481100074836,47.81609380448208,48.355656135956096,40.81112140078337,50.246629625357535,0
63.580100411606985,54.142622703857654,46.1029649969808,40.748986002732714,52.29095332581395,0
62.03344297888121,42.1504830412459,63.24390531329093,52.98856458506637,36.70464212595485,0
40.42726125502949,48.90086472684319,43.8970858042199,34.64856426988347,49.222887353462,0
58.008565689775054,46.731573103652806,78.20176622827492,28.201533112271928,41.661848399395836,0
44.268836890429235,56.14883774358627,53.028522692530785,51.311106014069516,29.611072737790863,0
49.688092231983134,36.84116200190106,39.691501553833994,44.79891683148668,27.592920557594333,0
107.98763236369055,105.4118910192485,122.69658663584238,116.7876158815024,93.17321389616629,1
59.840176063641174,43.658731085381824,41.95370056310724,42.54883937124321,62.85839489718515,0
58.928555944195345,73.65887941010445,38.68502625505345,69.3922221152913,48.51150499120828,0
61.09802186985644,28.186434200024017,56.25047671817796,37.35055240946353,52.46388884472031,0
60.837546723964316,39.46849609318012,60.200261466477606,48.77948392156757,42.50866149935206,0
121.39314931067386,114.6409437740035,123.70239441869887,101.4325384539644,142.7975871593011,1
67.10257303748267,49.66462861288455,46.46460278253974,42.81906851230187,27.361455558789633,0
54.88909013912882,50.57961176343762,54.68017628008739,42.184168985545945,55.32875771857013,0
33.98645258625535,45.76115999204879,47.28608803408746,70.21367273097196,45.6919387480022,0
40.29457161263657,42.189176397069446,43.468262837592,50.385999030998185,63.58033938163404,0
91.74651966781543,105.13291707877003,75.2728832608894,50.078686505199286,100.96454296120885,1
47.56218762504918,41.885295787990316,43.446803857396205,60.96625517816708,40.1115753334562,0
123.09352451833725,94.43554188724977,88.89778726744703,74.89913614148145,100.52266909370185,1
55.80966204343909,35.95416941759866,58.5782469196545,39.705651707622195,44.40392675747001,0
56.70680590584753,50.446725616869706,37.01561401028474,48.1033209270352,42.8560909503576,0
39.1726499537158,45.036863787866984,35.1375909212082,54.07146083434816,48.21916550887797,0
98.4062029195949,94.91574203854687,136.6327846639449,85.53775528108778,54.022231277451766,1
42.91698575185592,52.14194369080325,43.384419589006754,54.236209306390755,46.38689680732158,0
43.61615617522754,65.46620882809977,54.499508580142106,48.052448869135866,65.2174859782129,0
103.63325156588198,69.01160685930769,70.76423795511555,73.67211613666728,120.35090008746316,1
44.45135591787165,55.75051813409664,40.693050622650155,38.62072306121682,32.778245780600635,0
68.27791935044942,52.159454374107895,64.30560072586874,53.37287382971382,46.61221610492305,0
64.3936833682036,58.34871572792393,34.12894150861778,52.9434589828482,54.765619310366496,0
37.132483247827324,59.17220715784363,53.54622374481748,58.37023057920625,55.82598979408755,0
94.07128275858287,70.30933495145398,92.24102367388022,101.91947174219725,97.55433418188572,1
52.80119754364329,46.706753444970616,40.71179318291282,50.868863996757895,60.505396157613276,0
74.08692588499206,110.1929709910336,121.13620323478897,83.34934111573942,102.30770661927114,1
41.78825610082277,53.48354164706949,36.9911735015026,52.943929067292046,48.48755601980167,0
59.28748387024933,52.72127613494204,47.78188751301056,28.106090220449587,34.59889902567905,0
107.95716290486004,103.50551244994078,136.82400909257484,161.3524661774575,107.8604129119709,1
44.99819047407367,61.7383587352039,45.57125892668111,38.98842418459214,58.23885361155704,0
55.19158990961907,43.77300903127996,53.99639578938747,39.456808084542594,47.550557945320755,0
45.5819156497958,38.222633937916065,60.82727266710601,36.833939057435764,44.194798858893634,0
40.23795595825436,52.72383076643292,54.11440774699585,43.66128967515212,71.61534514036686,0
70.8748559755222,60.74494119887001,54.935957616990954,40.307710526316164,55.43189949468549,0
107.01478202759539,91.76956673642145,60.90344327015008,97.70164774264975,77.94801255466423,1
90.1594447010046,89.23438642731915,94.92462704530168,116.24191774499172,108.90755773344577,1
50.278826733406454,57.056535953105126,55.52638934605264,33.44518545855977,52.0292920451388,0
65.11707021689644,48.6135171234661,51.90448581376126,44.56641876300681,42.20971125876365,0
35.04751664810284,50.56820652814455,51.71870231780486,51.95571945302836,46.51468506813813,0
66.1528715887271,39.46343740216593,44.425903848970016,54.056073243748784,37.00944430126589,0
48.60993853795967,57.24767179831442,45.70454794064224,54.17973764397733,69.06195538227036,0
92.95006929422318,112.3785630394651,100.58184975847583,88.77705298663898,118.08760881585734,1
54.85755996912274,40.707162231347986,35.50611947359117,48.07567714112219,47.396335929307405,0
70.81168298980955,59.130459538730975,36.02056514494148,47.9759936713859,50.58557688579529,0
86.67943258800425,54.35266167197001,132.49943761511622,97.09969703061645,98.87842775924959,1
51.04990708132541,53.93614266151201,61.25679939049465,51.0312176489577,53.11079963030399,0
51.708379785082194,55.0840488010736,39.615703756097496,69.2256089596602,54.710960303144596,0
39.94672902342656,43.2626526848323,66.86141932138597,47.73251564198363,60.24180312661031,0
36.4513888090375,51.449807828176546,50.43640297079686,39.36391726619837,49.04610089670294,0
73.16072074605705,56.906829912294015,39.81975938530596,61.062166081714935,43.73335761251849,0
45.61269037634784,36.09585006897866,43.19757999398372,37.863867360840935,68.42651065980542,0
60.827974907207675,52.708770181943635,56.01211652899452,54.1667972051546,35.694578159346946,0
51.14826295067686,74.41371010988179,34.51665141935703,56.294817535765915,56.19252138691488,0
43.41159080834984,49.36587026106923,54.131893776620096,54.38099218365982,63.887133573227345,0
58.258176513176906,42.4480691396971,48.022784454056705,66.55701658033354,59.901676659258996,0
39.950048384398734,59.34054485860162,54.62831009275271,68.11190008762576,32.685366106352674,0
49.976431860273465,48.6614177399186,45.39835957467969,43.55124039224295,70.08262904583864,0
43.31332072557415,37.37293361810654,38.68470711281535,33.690681289299064,55.15009987654095,0
92.64442285676687,97.04372222720231,108.01554199527389,77.558993769755,64.10447218103803,1
102.71133312255907,96.39178317818742,100.72618650098073,69.01741643900547,73.92386920900705,1
47.109916202954096,49.36930424884884,59.46193482163615,54.74086002242252,61.79113149128581,0
50.56860971206146,47.101817130927095,65.02656938615718,51.278609012555165,56.819975049741856,0
49.91860979612034,43.29334005623023,63.37535605008921,50.38091425908862,55.5856199128307,0
47.803743320525484,72.97886684562904,57.20349327954905,45.32625576570206,51.208209097699786,0
45.67237895207876,58.73755940590337,54.31080175187098,56.9789502408518,66.28424072181149,0
119.44050476726379,99.56810303622039,119.06484846092116,116.04853590738348,115.94106070545195,1
30.91566290115612,61.252884323172,49.3388826675212,53.38678384612136,62.62181938171419,0
53.21369794614344,50.84049989696924,47.47450576354886,48.985410369661416,54.326320677180576,0
51.13681748449834,21.097713171659432,53.35515706973053,57.557424687044474,53.622007115026996,0
136.2111386874327,82.34112913022604,126.20043178641637,84.10308771415659,89.83865837924176,1
78.26427190265545,55.03140819346013,49.63959589579903,71.27424441402391,47.19668269698511,0
53.22869465063865,51.03454602481121,60.895607843331156,48.04290273637968,47.832355787292755,0
63.7215105976458,38.323409961474276,67.8979687173519,44.61368256811943,42.80635427857635,0
32.087696044033535,40.73431036995937,50.803661436559686,43.16424709455474,38.74626312059996,0
83.0182142191172,92.90006942789823,114.47747628242632,131.41848781872338,108.00824006566091,1
65.97663908738376,49.18887385087377,49.61527765392957,31.207190232887775,42.4525803353407,0
56.64897854939775,58.824920886069485,35.36127203979002,48.892424057178154,41.651148298261525,0
46.63457517453452,49.33069043749241,54.07179110557184,61.61015454381412,20.581848653939506,0
53.016534400995646,95.83025377532171,95.00932681074622,95.60131208766144,125.87005020961931,1
45.39557666615724,51.757930781583866,52.149718198787546,38.43684223460559,64.27405964730568,0
51.20628987148222,61.129049518851204,39.473363820990045,52.406732663929084,51.32075858588149,0
55.200199953430804,50.44838622560871,32.75922265196708,55.0037131518621,44.725931765821066,0
39.1489062728786,54.454216037265724,46.69805231755289,59.450840055898844,65.41069990692239,0
63.1782111064689,111.46502419836926,118.37515390752827,88.02621783548769,100.3566790819711,1
61.261953592953155,37.15182514611081,60.8494468945838,31.590145190063094,48.73058756165522,0
41.37901841796976,57.14355578351124,56.3929402374464,51.076438241622505,53.95742505364819,0
53.27246403571918,49.55030450080101,54.886395672755775,66.02629066520178,39.45184266855642,0
53.81210898294856,63.01714433627753,49.900801234931244,43.06514641622264,49.45999463142839,0
48.00836449882774,61.44563094443916,58.14463229094871,60.67833409893289,32.11464871147718,0
52.77727409695078,61.603288609272624,33.7909890513687,34.84538119242805,42.686266886012795,0
37.557628170743534,50.001048028653194,52.67342127272023,45.98140047576982,40.17066097876821,0
44.3921505269736,29.775590785555387,56.40789252172827,36.750676699739984,46.91366003509438,0
53.07255605974106,41.44389366184215,37.96386689089982,57.718729463508176,48.69849757897554,0
71.87488955708321,64.88954692063405,49.603397794650974,48.484734981607325,49.98919776966479,0
41.86889697620313,26.041993697121917,58.300826236785525,40.93959989846007,43.79634711319752,0
100.49431655288717,129.31222911839268,73.7076691887419,116.14888157367098,56.48843280342807,1
53.075011765307885,33.30698245189471,63.67203462434517,50.12968291971849,38.56023769212308,0
57.460930267609456,55.37986058944928,49.6335052200763,52.365838649501576,49.08316525832278,0
89.1832457620544,76.33356502750188,125.68041450506266,93.84201938684075,114.38452382299138,1
52.261681572855146,71.8656069393657,41.77652921257567,57.827061852535856,57.316822161111155,0
36.6700682187361,44.71055205250242,49.789787688408104,58.74919361121693,47.99569081410853,0
92.22400651927397,66.00649428482629,117.44260235550999,96.73616677631647,92.66613390160555,1
45.61396567995977,65.646111640549,51.023660177547406,46.71144631703525,44.654855298468455,0
94.16925395914296,102.60141965297414,103.01983384093363,83.02734112917837,88.57891258192217,1
49.57274930719166,55.31563829491458,42.58031530686034,35.17200431670977,48.119861921136426,0
67.52015197672564,49.677890068003244,48.632941279608964,52.965223700231554,63.08861567250108,0
40.82978995176818,67.73387570839498,34.545515022363276,60.47215209826104,46.74996248610827,0
61.65828609368018,69.46152643154684,40.684777775935444,50.73173862562816,30.353988750117587,0
39.328397057363176,38.34404312831952,62.05284778970818,39.490960918037814,55.23854746977096,0
47.73226634344106,48.05861106317039,44.31517902048641,43.189441482039854,54.506597884929555,0
41.594313326558236,43.578793633551186,42.66615502082763,34.92700965032728,54.65952664918974,0
50.14501453608876,43.798515339901215,70.8938818933453,46.979785857159364,39.25342478903097,0
66.34526067871454,56.04825385870158,55.81856321463742,42.847850459755236,42.57529762220764,0
55.22771928321447,60.22790859025295,60.69532675382465,31.786442568488514,60.413842438263075,0
37.12672740835697,56.26679997251387,45.73060730812347,31.309824726956784,40.87104487425569,0
98.3554970310243,129.66070662857828,61.21675763959092,83.17576455469057,95.14141106672749,1
48.87442023546874,63.141295041094935,37.21788809541491,68.37729926633124,66.65415086828204,0
78.122014076021,93.73053649253794,71.33147856527394,104.03289407347165,125.07218584888771,1
45.54351140155434,59.5767276757717,67.40539745436169,32.767800992679184,40.990441315792175,0
76.41741896866648,53.13996135398662,84.750803443493,136.9204864372673,80.93824710846634,1
28.39433212685644,35.9382109491031,59.77729519808148,56.43820943808509,48.29104729839512,0
53.60963637833953,39.28572858393526,57.003841251026174,33.476553446129714,45.60063180535066,0
39.852081633018024,69.91126302796674,46.95886534830991,49.197289903514175,57.89132900740971,0
49.488124012040714,67.02971750343376,45.86580886544851,55.14216706360523,34.19130897902847,0
19.28501769872124,39.07387113352889,39.509273242094736,72.29840835883232,39.8776638987745,0
37.601351897985275,49.17264398269049,54.632854175856075,50.328494675080414,59.55192478748243,0
46.65014567409043,66.71296442400777,43.13652256897932,80.61110049754801,48.76407415076307,0
50.5185499838494,45.7415916781158,46.070836528574716,48.456751759709384,41.35447554380518,0
49.46445086871742,43.228505798380354,55.31692861922055,63.68316540955661,42.20577562349318,0
111.30269409640103,117.06717416490467,134.09272620438253,92.15615623589531,101.7834730750608,1
56.90983761766105,62.72407346099334,37.28876863933072,42.99591523779682,36.359666769832955,0
52.66743900935213,37.41070609358488,35.0502614596037,62.99068098165499,60.32652529417214,0
47.68454592132783,42.32870042033863,55.834081545591566,55.11124027065577,51.338321728385864,0
63.80645121488058,48.48878752396101,48.01635990371711,42.790739483259294,46.57914319111182,0
61.5209046338648,61.217475227583236,41.02110858932642,49.734196766963635,55.939517536019224,0
72.87763183891732,86.61195428969442,100.49587922125774,121.97099909463662,166.7706622117941,1
48.15822633153403,51.474637815531594,53.66311310131941,47.403301597924944,68.24442818356839,0
132.92434045304287,105.74837793634791,57.88902362063463,96.89718879688803,127.13858138177784,1
43.85073863780498,54.61928028141742,43.34734955764537,48.24830365684349,46.68204298767459,0
96.99986418459544,39.32882175240997,95.74806069122636,109.39740776627862,108.43745912762064,1
68.67801680434657,43.153540119804255,49.38484317267141,59.28914499495339,45.26313484180014,0
108.1575994966745,114.08282331414183,107.97031406596594,67.24726364921614,131.07830188303808,1
52.2093045392464,59.981026883139805,43.32657100291902,52.83833934399325,44.179057017666565,0
80.14289442668738,92.05789680061835,77.41600796200896,139.7859747709102,112.97793020365619,1
101.87975833756961,126.86930797420598,79.87219667105066,117.1682309281411,111.05993843345938,1
65.1240004125111,33.40024914152401,50.74835722306392,53.707354394266076,44.65142140861235,0
53.5258370674804,56.22746426725214,48.2486225134702,49.159160463283854,53.20698003391882,0
48.443605909355206,71.10946593606532,60.66445439181156,52.06603170047023,46.69799456636942,0
117.57175774459773,87.64290149990721,97.13558252541335,108.89168640832673,122.77882907483529,1
42.37990922891394,28.72495674948887,54.12136611907666,65.91224270538699,66.14603256998497,0
57.62941394398686,59.78536588169989,49.55705116584929,43.60643660810685,59.08274017251922,0
51.04178574096378,63.37755162786243,45.06764420446329,65.45117286749759,45.5150153074324,0
55.76140687817022,50.54650315936689,51.09562736214684,46.64201423714408,50.58594932405586,0
60.38928715195576,43.859846675973685,30.219372696717326,49.07711798274347,49.35447019403236,0
53.597748260374765,51.47986856766623,53.847464253833586,51.990930585545456,51.098716477998884,0
52.65664365575663,51.22816398550888,52.38769679336197,47.94945255487047,35.102013722228314,0
96.70734093096434,118.73853391911659,117.85792357953937,80.65796915523478,57.51606816788139,1
88.4211911333936,112.28681079496369,77.54929804405953,109.55524893360017,109.35178524069713,1
83.36383015411218,106.88049668800731,105.70335280990953,127.33303556552627,117.93326563452088,1
50.21535877154699,38.45236446710574,51.738558510367746,56.10189956176871,33.131885019107,0
42.56842447813706,37.64504123703042,37.66978923854514,42.27784980541248,46.471673991043204,0
65.92853318670299,57.343835022519045,47.67210565016732,45.641146589155355,60.18857062919855,0
53.642440603944564,103.24789379138241,85.92774722746071,129.20682192458656,114.29570755342854,1
56.090001101989586,53.29329543362485,55.33645173030119,34.33235310515509,62.11428648567541,0
62.943989134733734,44.986749537571896,63.78539634612014,39.50376546963661,53.94525851186647,0
45.783370432065844,60.48877377839411,50.74716596339589,36.07441077330839,67.85978974724395,0
55.38876456050471,56.74167254847073,61.35369483259414,62.37441696404238,53.66451191387189,0
97.70789143761138,105.0734198221326,132.29326266343827,111.54456565028747,142.93087841784353,1
55.69172104409798,52.84707248350741,40.61498070706635,53.89465370822063,39.76127908039852,0
50.71310319414914,54.05908811162832,45.43786496037461,38.78834403073577,51.16101819746848,0
50.00780295982056,35.302856078563956,42.43701005531429,71.10434894712571,55.12271591118069,0
45.18858815427888,47.19381433647062,39.50729942709606,60.234852563305935,30.405629439617936,0
58.01225376998168,44.73231651589876,52.050973753381555,51.33756426889938,48.682957474475465,0
44.617278418378845,50.19793803228188,45.22699717714923,66.78054309297411,69.67578375132831,0
67.3054578972843,59.09883269534521,57.63424322950272,49.96369085507754,55.368040932668535,0
61.68365432373092,51.16728545275155,33.49806036266351,47.91376455527009,61.70060918831954,0
65.08140297451921,35.368131436417045,51.75669244966506,47.936042199885435,64.29937895061012,0
109.7637071049212,103.37267798713656,130.81767467092672,60.901433344405824,65.3736890737691,1
56.280632236779844,49.437880506219265,44.85253874411429,67.60988867109148,61.11178513230286,0
31.09722324687611,61.57344050751121,38.89561786695222,48.72452214496621,52.23314103832489,0
34.44858941136169,56.40539702028047,39.24264956826907,37.299336395742145,44.10003446212156,0
44.54137673113854,57.83950966840457,57.785929928736664,32.158894220150245,55.75139440248168,0
64.5403736945069,49.85892845065408,76.821297059135,35.44551105584261,46.783068021811765,0
30.27803317457828,56.337046181764066,44.33977248457597,65.1981483745336,43.02018475637696,0
91.9569006180693,92.49340399922909,97.98826332987385,105.542557098783,156.2282587793921,1
58.611337549248944,53.83716557815548,48.22649421892475,51.8321131995819,46.29035163808501,0
77.78363531897938,97.16830848434354,73.3666307407389,100.83294955935943,106.77854929525597,1
47.410906124765106,66.78017805444918,64.07008375976903,58.25250119872992,53.25402084175297,0
49.23239845915118,52.19231046450469,50.70052239081057,48.87969968409905,53.454918452961834,0
36.51498622789701,54.036934772473046,40.276956290948206,35.58029400098708,60.27217173061679,0
98.75927654103182,68.80090875398432,94.13994984152507,119.46823945706838,109.32972576993019,1
52.39956409764767,50.79094157223615,67.2177363109808,61.033852498874225,46.592138529724,0
39.02463675374971,55.27950961898875,54.80467822254576,65.35407975564738,63.82096363015808,0
48.29927094738212,45.055447597684534,55.87370388095564,51.36226120487603,50.07118455570407,0
58.60748259168927,48.44553651807907,66.15306977006462,55.15971219274304,39.86632206225504,0
38.767931801838074,56.12598847778286,47.849982434049366,43.27355557939776,58.889091895748415,0
53.35456227001618,59.19162707516929,67.00722009261703,53.43592861926832,44.66294107546812,0
49.290599232629425,52.01958878842554,29.931312446800536,41.20301552274231,54.621468543653556,0
139.88896306131664,116.02140375604367,88.783606764798,38.679111448946415,95.77895670785087,1
40.678367036905556,43.10410317609208,48.12256998730966,54.77752291972867,54.77636643016282,0
81.39257272534189,100.96914942446516,112.4467461522185,69.8744081405117,103.81826927680038,1
51.315086392138305,51.39940991314885,52.512672471661865,44.46591248523489,61.099726213689856,0
112.27903185703329,124.99662395196783,119.03005391343996,94.56047671737123,80.66091023435504,1
31.02191773349569,52.8347523244557,39.320046578841534,39.31792292629812,36.461412368249846,0
30.59789279922985,60.43902121504824,52.819141067262485,48.81494013013325,32.178111542887976,0
34.905089870238584,63.74903306642106,54.10001631305718,59.93555284660985,51.37099861643624,0
55.92550882043932,46.03054691197937,55.003792354317646,35.18778265183816,65.3774702898963,0
45.931932857902105,67.16676038060992,43.09725905582868,33.486400339558635,30.111609705157672,0
103.94809700741203,104.92867830549207,100.79345207174158,84.9174167330953,65.29413553572117,1
40.45017816057508,48.09110404162769,41.57005560808008,52.75312346855128,42.835961688604776,0
65.1886479220383,49.850286317416966,61.193239713520356,57.65147170047262,55.16028734425391,0
87.5301013232104,90.4888668131326,102.92258038231886,125.76282675015484,96.05727227036398,1
52.30321594145397,27.833001258256974,56.56433341350749,45.70080808397461,52.64169489634729,0
35.85965361763206,51.4901085294225,58.683222584803715,36.8455992417655,56.56711983212667,0
69.15694561209156,26.342608695354798,62.37522362273176,41.67861268590147,62.007216038330895,0
95.4200715399237,92.30957300539617,125.20773014741516,94.93752993942398,87.99521542173406,1
41.54266372280153,43.97053016415725,61.286785992450596,67.72450853947171,57.394760703306346,0
47.19532755827182,48.59349714622232,44.974444148501334,53.36696567500534,70.88942624212295,0
53.46183232595296,53.397712007599985,55.39768729006836,51.900151206635456,61.517496501857295,0
44.393161826281016,52.383555230715345,53.81941696629022,48.23491724749352,45.66580926618444,0
78.53724265509595,76.1918796113554,118.40886897743624,106.69760124111073,116.13770081501175,1
69.658874333511,61.104257221223534,79.79200449316998,39.54070174946074,34.27773302356059,0
46.79948558223595,66.55301248557035,60.94891993197835,39.376487684660745,52.81282512807503,0
27.000164643798712,37.473505160044375,37.58450516469519,53.811606111045506,44.67993709058706,0
33.241036310503446,55.062739581087534,51.269828844652295,61.6319085990672,39.73119189897277,0
53.85920622990188,70.15104176096911,53.75656967013762,39.344589459036534,33.777257310936704,0
58.2703930676435,40.801721312818714,44.06764550081982,48.168387801190164,47.76275636735152,0
87.87048274317937,95.53127558645335,89.00043739869342,144.9554915626438,72.63491289588052,1
110.42100290563235,103.81390256971744,112.63986914732135,86.4745219785013,95.30397274026197,1
90.49121683356486,107.45625448110565,112.71063280613825,77.11229962751364,112.5770111555372,1
48.99773179272703,47.84176298388689,41.51946296167712,36.741240125277834,50.722717230207856,0
46.07051832132495,40.89025806232237,61.159756604401835,45.280801480944,59.68892827788611,0
49.740900826351144,120.02949131197956,84.45975351580286,99.66178196636824,100.6192843408598,1
55.24501286710404,37.38501134417328,43.89383158022288,44.11129937181728,64.14872645063171,0
50.32642960910479,45.063979284707294,56.10441794598091,56.73924111132767,52.079759791242495,0
42.961572694241795,49.03732987057695,73.21191353691603,35.84578538852099,37.092660532144734,0
50.83566021768323,37.44193682702609,52.06715631201607,49.115504534473885,37.560158916744896,0
121.05428836479271,95.68503823251919,116.7697039081597,82.9892873081604,99.72403385466853,1
47.166008681159134,52.79431206586875,50.911252344139676,57.62705603781058,45.99354569895826,0
44.675432348989936,39.310132001119925,61.04604730693701,37.50290273324206,55.40461212694997,0
45.429392805044365,52.25698967941029,48.036633420179825,41.9906939009123,59.81995778230278,0
56.31861854492074,54.79244420284689,46.465174641977754,62.35915738818994,44.77354199388266,0
61.068366882857205,42.67827703273252,50.9598873653311,44.758408259378484,39.51965248063579,0
32.68041317108851,55.47724804451646,47.368859803935266,59.28701907706279,52.718550259173334,0
44.55225024044837,50.365733047975134,61.04546340222945,57.7647250929873,57.726409399111006,0
51.75920646214305,58.17065829330636,53.05991372247977,48.50654729563024,54.70594168138349,0
52.780357370827396,52.148876548340844,52.27360610113861,35.65848396987549,43.40383177948661,0
70.91014431929605,93.15377115973124,79.34248583209995,93.64959540867252,132.37105578799708,1
101.6371128209989,116.65768604274791,119.81800274655455,103.93809931266114,112.86098067659927,1
50.61925469100664,45.69450851039754,54.99375484895518,30.391427468368615,40.06502413968273,0
60.03057838775312,53.37663030251615,52.37309414405686,66.94649141744279,44.65696674964324,0
51.492225537307526,58.63507576507445,39.85076676272328,64.53234794265794,48.55358762538745,0
128.4046600870717,117.35488384959585,64.1408787149021,103.64464335018772,119.92232628819184,1
43.855830428414855,50.17961174475018,57.308892435153346,60.9252193655324,49.7768981987468,0
40.02166096347099,65.6869597907966,41.020991001088404,38.474903540016996,69.55917142722154,0
49.89667451571614,49.26743319560928,40.2567282308856,41.10733178319109,51.12812045716547,0
23.436628313035406,49.995360028461974,61.43636773201462,39.820928809158275,49.03381670934717,0
55.211084473569265,50.93686280550578,36.939942096347586,29.715469676856998,48.12078948323121,0
41.975161986074,33.91609351277063,46.60051672335858,48.21821365159294,35.13106086741289,0
59.03104750578909,34.75696718312322,37.816596513547665,49.904480691265135,50.90337295030324,0
44.546785031692615,50.41454859339017,39.24159894493672,50.9701143695459,56.59526661192326,0
38.31530888107758,63.62913537701122,47.496372332329216,47.15606294971285,54.02423770088684,0
42.65076856837514,59.47225190066012,53.472714894353615,50.342766815153986,36.948026987784644,0
53.85406730788121,49.271873315087625,48.50751236545506,43.94586880391264,66.528814158697,0
96.76094755207384,97.1750812344282,72.14398691441613,68.28981549771972,107.19007114865586,1
46.92319755779384,40.697935016749916,55.50286051137026,48.909432691074606,64.61881138271247,0
69.84054161546655,67.67408128761059,64.34584526544462,49.19583621574141,31.458543302526564,0
43.47432400648998,40.55314927598187,59.13479986120561,72.77420669840052,50.138595917311456,0
93.32197934230777,105.89082315625512,88.14915428806205,97.38343983496155,86.91958831182949,1
53.28301385107933,42.68602254256235,30.875186265778854,47.94937525368338,57.63927567690831,0
59.78258657209624,43.28108612555552,71.46168968104911,29.350797162614736,55.37290745790812,0
28.143218434200804,57.48473893990973,58.526039112922035,36.48093793760388,63.1645091944569,0
69.97543172502782,60.427363716036695,52.83446902905628,40.75667281096374,50.483033114899186,0
47.71509664239693,46.16141861840934,48.61017981415986,58.28016707638395,43.38857895700343,0
46.30985672630013,57.28513898999961,28.84640850468795,46.636814013046546,46.890871039839,0
65.03671085601596,37.03426035547494,47.30409311301874,42.54380229006057,54.94000808570553,0
51.13058259317032,45.652569317757326,44.91980674812219,54.32236476904278,54.874496310107105,0
50.338456576867685,54.97526423295324,23.828124728415034,49.257367338492315,52.766852741483184,0
53.68018916355008,24.710887320090045,63.125553194367036,57.1214360311457,45.264105393424906,0
64.05960537999906,62.60742259230261,45.490201391952496,62.879238943137665,29.471376858310755,0
43.80114356310157,51.631631351807755,46.10249889282635,63.711211648949245,61.474664407049495,0
44.47612988684962,48.89793107716496,41.5473598478995,49.70505633184775,56.01988363443853,0
50.77645365716486,55.467157717852025,54.299587172935205,38.73239102108759,43.49168728495999,0
100.74607861018156,97.92228472380368,84.19579374181714,127.52721644697101,109.18782594506473,1
46.0895236861661,57.448661291957215,46.839761921615775,47.98307766264101,53.21899919268389,0
55.50781951176857,71.02167142663063,41.39894141167787,38.245390936133646,50.463156845592295,0
53.48607057481205,39.08226306988114,49.789272316899726,62.75755579843428,52.75800334578978,0
37.05352857726048,37.61890162448975,47.52408047838337,47.60099665639425,57.47589900700247,0
31.658747185748037,54.02011184462063,51.57168554746473,68.18444849949425,44.558188196687695,0
47.624264709862096,76.10681218512903,122.62421819040786,126.53862531296477,98.23647865093773,1
57.44143737225353,52.19884677373103,42.11593983638914,47.29976661385722,56.26947673193395,0
52.744927623115515,49.335437160808574,48.22592217646084,37.05379969471834,52.58422218468296,0
40.07121357176967,45.747936319517095,48.99691799124397,44.78584873122855,63.694294224918266,0
40.30140921958074,56.447967538732335,59.601323076766754,63.962870262552734,64.84501296094314,0
28.581936067278665,42.089790110256914,69.12332246700012,46.51039621988936,53.533190237213844,0
52.378951321599686,65.51948811750458,44.686947223323166,58.2651427085019,37.04430459622824,0
48.55124372302689,47.09168581006571,56.52985940947411,34.47939105723169,63.19478739932978,0
120.7067856318626,118.75177938228347,99.57382738297804,89.87961841582477,89.20807433208628,1
84.72512013538257,108.23617887178358,100.55583268297359,122.7776734063876,110.36636279096588,1
41.045704042189904,65.18597925956368,52.815867378841496,45.05812916233579,64.80692181346839,0
50.99651862369161,67.97809727040902,51.661623485157754,66.74632921106871,45.0720522592331,0
50.22745496720667,59.93237245382104,41.00915245856021,56.88058281635489,48.60518392463421,0
53.52874097515408,52.823476785119084,39.374457646100296,50.369634898863076,56.14978769498475,0
41.24954621473294,39.01048362837209,45.53383298844642,52.630745145776814,57.369612129219036,0
84.22077420391595,79.99017602733734,113.5321950349016,74.98924595351943,117.12443291467157,1
52.648951780485234,46.3137300985837,50.089777269954,39.58770854352315,50.02384558190743,0
24.207147909612985,38.48077777726759,40.10780810114531,50.19355526870382,65.19359260142897,0
41.99623377379437,44.10539029574937,43.10773160024834,54.58185892889304,53.02499923936434,0
40.86536251377663,41.017496964305764,64.73680328124055,50.23735633288065,41.791003008992305,0
95.81880236455812,85.22551636518057,86.27095675203061,109.31210240026954,107.8703453006399,1
42.840720945200054,37.270760517401904,58.698178431930785,36.45486295527925,40.30191901171214,0
59.30804508541007,49.18973119604356,43.9291737707094,54.234448858507115,46.434789559958055,0
71.9848231046133,93.29724012367963,111.06861374117925,64.38359959708995,88.16600191089324,1
48.325682824669066,46.428840459028834,70.51741031585493,56.91488651791119,51.400471719510776,0
51.57198518785961,56.063958759558965,44.32644083235333,58.65945168491659,64.13892961665587,0
100.65549847321171,84.31533913805596,98.51813735709796,77.52367389174739,68.90369086423746,1
53.15363390249555,43.07167386990359,68.64614098861065,39.99511107599322,29.827769678631235,0
111.14451210843141,112.19719995220048,136.09448576674666,101.91596038291577,91.3998662596515,1
53.57224229382101,60.99625525658695,38.006926710762485,45.894721421991605,57.18406526170414,0
65.43792950845639,48.46615990751708,58.54414094148201,54.41050480993583,46.87680264919632,0
44.379613978576124,38.682066107806,54.98554865734678,43.415662715625125,58.545445455274944,0
54.85491233596108,20.426056212212536,40.24906275662143,35.64259269989648,60.034468637532086,0
46.344185748698685,70.54443580719914,45.45686502731366,40.09316530938882,37.60970535980195,0
62.110583134624484,62.2624385228337,51.992634987182456,54.61493222262273,44.73003362307266,0
115.17362187764836,143.14927919116025,53.37054418888136,97.42740140864751,90.09678633170007,1
55.256789045926865,41.782352089073534,51.65123520019712,58.841452050164676,40.05698762302913,0
63.02586798082183,48.373636594840335,63.059308782856455,49.032708688124075,62.44550381207546,0
52.150583764872316,31.94714832022504,49.6358370241089,55.36046279156606,56.989696293968926,0
43.75464282231454,47.49194552318234,49.218426667467725,54.00981835211294,41.137126933711095,0
119.81950195558454,99.71800874136378,92.76294820251616,91.33578280259127,105.72133228032631,1
58.95050360083822,59.59092837378974,29.276885974783017,29.458491223154798,46.886389591047276,0
61.903194312249745,59.465545729632694,32.316930043961065,42.00220856563857,49.00062823085412,0
45.8593220306825,48.46107258162045,54.96233818954687,45.43135215082359,52.549308574538486,0
48.58179800896893,40.49420502133214,47.32763987241136,43.56249884347138,62.16340058862124,0
44.44335415571056,48.234548429746475,52.40576413413433,46.46327066360435,49.7158912961828,0
50.64711564133644,54.033688361498825,51.02697016998193,51.12299596507027,49.40960549183159,0
52.14830733573473,62.448768205953925,65.3977354535014,60.84021097085036,51.70557523934592,0
101.82371582054253,117.8044534219508,114.62222131181167,48.3263671900249,92.49592745100517,1
56.94929309754694,28.0687033876416,46.508231921390276,49.60735732195993,59.46271384070394,0
69.30205247365421,48.74886629823669,64.20303914289661,62.6465597740531,46.334525194198314,0
132.97214959913393,89.89264773690422,143.69958846844335,104.33365250584995,90.74170515316338,1
51.72922682476955,57.224257202035965,62.02321249254804,54.54740302871188,45.411850951134724,0
60.98647240071248,51.733320232410435,40.397798233160216,47.05295724234856,41.60654713585278,0
121.09136639686223,124.13595157639787,128.77090483704617,124.08838836808663,79.62432154470413,1
43.56887039041336,45.67073783411383,51.244738123767426,31.17600653609538,46.510766111274016,0
51.94947178004746,48.304354803385785,59.37892862871556,66.19807126819836,57.07331272314089,0
37.32399649115013,46.579576895053584,44.45552974425376,49.32860072084046,47.741762383972834,0
37.118682267507864,33.682701046299144,42.22300489728225,60.66304265220322,38.41889308594568,0
65.79947719594398,49.62683765148323,34.51489583232766,29.62025244452707,45.38215156082922,0
44.09058459946617,37.75968756251481,52.70189812793929,72.45854701153965,48.243583408898175,0
56.36911462977705,67.33821595784167,53.26511634490722,61.664267238333764,58.179717168761755,0
52.92924943754472,44.7786064022502,54.589564785132836,34.88608162383187,36.185351180236616,0
71.21147931790347,49.69367319328788,52.52125398787393,50.41651426011571,56.86693792348597,0
59.36229270327509,54.53887520495326,50.80490597368512,51.61164209100034,68.50140365183483,0
46.93763172798634,58.23056489890925,62.84967687319672,57.73495561934057,58.877887748947394,0
134.4644933412339,51.52827106325127,124.92430798539105,111.64978592841348,130.68256457456008,1
41.248715922992446,35.93763880054008,65.36675308653052,39.09401220013809,67.75791252579273,0
51.87602073952986,56.360639037954016,37.81040064206576,70.08027826541277,56.25736607151934,0
102.55789700304602,62.51920929005301,118.66631393203609,113.43262760313911,148.49583731480095,1
49.22029613947317,41.285054233469566,67.37893013651964,70.68016465722869,46.33749905084815,0
33.395560523627466,64.46261051781087,45.452452546276085,31.794556576487434,44.62697073516022,0
62.9627248521025,58.770183072836616,47.224353312801355,58.503462819380445,56.95623621935335,0
87.59488261586066,96.05295952964121,88.24525620978751,72.85014137129521,81.29399970212089,1
41.816226225846144,42.008157568395546,36.47459747274105,46.90061828212974,40.343492547992334,0
78.08067411812044,30.701709993996577,57.89344630785851,38.12234534949274,56.57090930675945,0
51.30514523085324,45.00728323475626,54.894387516362286,43.299059462548364,59.90432722995839,0
52.91210043236814,58.74803907853456,39.58766251017143,65.02074791837171,55.62724364009077,0
60.05802242039021,51.65776175241353,38.686798640879516,50.57361051418252,32.96944792249465,0
40.21146605811169,43.91363489522743,56.96042654479754,64.3521514442648,47.79018013104836,0
56.325248084031145,80.0978446619005,56.72373551879062,36.39081551180173,57.603156431331676,0
61.485116584806775,41.06409043354821,61.012128784376245,50.997439861925415,66.06125859959877,0
99.82740483750739,141.8275016077727,110.59118774836544,110.33547437610972,89.9141082160455,1
45.59465441495367,58.53478387398054,24.266576215273197,50.448891037592524,45.784422458249004,0
107.43153232142853,71.34282079305054,71.57629936441168,101.6923093084621,128.22968279711029,1
49.90908932281937,50.337370979237235,58.37289787882889,28.906830637407793,56.746335719512714,0
52.39993581943713,47.98214854859483,43.609580870573176,58.69787931478763,57.404595682575085,0
48.121015956458194,32.45463546561338,60.84852037669151,53.48855468698361,57.474051728389014,0
39.4301144156276,41.332256181556545,56.025145126189706,58.00588069695641,57.18890347278372,0
52.0702781874474,35.71420148703396,37.7971188377139,49.505075068076536,45.63485170487718,0
54.33311770516141,54.294752265533845,54.21527315710044,42.83088138505669,75.86784225261758,0
50.4536575611999,49.08417724211759,50.08411013784555,52.7369881480581,60.24762178410825,0
62.29055965885959,55.35638610916904,60.433070732947506,46.89348243369058,53.25362959618925,0
65.28499406837246,46.04109269739672,47.83766652118959,47.75617112792169,53.14346603464233,0
50.369449501403636,41.171660642520614,63.93049054906329,55.39585658558563,65.32986773001997,0
39.22034886819431,61.396319542255064,52.40756285821232,48.173627488826995,45.435547724244884,0
69.41406894223492,42.77527384657632,49.75280007935425,35.66807115439436,47.53382616242892,0
36.066639511284485,30.854698924463687,72.905226402622,49.04378212150094,43.813362424690276,0
106.41552993201647,97.01518409638729,97.67349886259466,113.11070657879893,114.3655448254503,1
54.62364569122215,65.60736192857091,53.2795641215501,65.94664181893525,62.49076398206005,0
58.667253378100675,104.2036815040745,104.3859342173851,110.62065971686044,91.59234054646765,1
58.62187797735459,56.180244174047594,36.178657021278525,61.074575273617334,34.28148286551203,0
52.74086429973009,40.405991260149634,56.97307393062237,58.82297874581841,81.43814612646813,0
61.77315689825562,49.21402144718272,61.62568788145495,51.15548803222656,55.48618398819132,0
30.701133931329867,57.9378002281089,43.59460405612618,47.245813118708675,53.216877145969896,0
52.26555942363387,50.935752837013816,66.75938129314027,74.08644241393432,24.211305008816225,0
68.44374933233323,55.46480048303843,41.95225933252555,31.713872942821027,50.196454117211886,0
40.62181768371176,42.44839259720193,48.566526364319955,52.79084080453489,56.304467445562764,0
42.43613337671477,32.8098085667319,39.76492233845791,46.66422177078481,67.78754704895795,0
56.729321556015975,46.071531739375175,50.45619880708125,40.93033346066132,43.73106801006618,0
33.31971011844883,55.62731725734004,55.0930619607431,57.596309150414584,41.504676810819426,0
47.94511481692263,59.865601778557476,58.82219440905638,43.47482525030573,51.11353475309442,0
95.11254166737518,108.98809955571772,100.57499564324,97.87259795591487,47.82146302975421,1
50.785321559587004,54.86779098145278,42.516538472738986,45.4441625480667,47.969848215067856,0
48.19201767913872,50.58085770476132,52.84543205690225,27.523034458432562,37.839343989107874,0
68.85834402671502,44.01725469803681,39.368750225377894,36.41315075091159,51.75024237323441,0
89.84607107956647,79.58125621456573,92.92023070228187,93.58959791846073,158.83421393457846,1
38.89089279389591,56.80704535863858,53.280248487799525,36.42580522092686,38.52327081398314,0
86.57594443034782,77.8624560911143,119.65565781669996,92.71864627358681,90.89144279987458,1
94.87190582227561,86.43026322489507,88.48883053975887,59.34036521434102,94.29196473055325,1
88.46840942922124,81.16928269807791,78.9932824697493,104.79533927039157,99.40913863851563,1
37.76975630709705,45.36451996615769,52.35498800460271,45.175454757292876,59.009516298301435,0
52.33138923541142,41.68222412994846,48.41923501181017,62.24903227544268,37.789415139305234,0
47.04424548089615,51.71905993010073,40.94439516690606,47.34845186395239,51.7574032214601,0
42.47627142157978,56.16621631908444,36.13879354118151,55.23660849890264,56.653148454406306,0
60.65249409122427,74.09331921696307,94.53504269106878,90.65495349124241,76.50611716085545,1
51.06687259670442,60.86121343481713,55.81401030994117,47.99596032550164,39.79997883901266,0
61.15889420679365,39.17755339774631,33.418852207558324,55.80700474534772,34.950065855670715,0
66.76189600959734,36.075819443066464,57.768237315554,60.02273673968196,42.720532188535714,0
34.95600660980837,62.3548284397465,40.94475508796882,50.117676353816826,33.92801590473127,0
105.38619822830734,95.82524674121241,101.81279148599374,94.08090644610503,97.7941980072921,1
57.60062410349825,64.99840923799479,42.937319158113326,44.59590516621806,45.27650400212045,0
62.16966410630056,47.85859356315353,57.4851575058231,59.4601088983936,45.470995559952065,0
46.329706417000345,61.98795056536906,55.769116672252224,45.28267241699021,45.83819543118163,0
62.24145364180245,39.138380454155396,52.146708701035664,58.7863230338278,44.788874637912734,0
47.45003753080084,54.208157461082074,68.4941054221213,36.61484761063576,49.476845594758295,0
59.01888720322668,65.64093135709267,46.32065365616982,40.61348294813807,26.031296439373797,0
65.97877590676349,41.97575404981027,57.957172737873734,64.014809209973,47.47019218804248,0
32.41838783434761,52.79193544511371,45.378014688611586,33.412053542174135,56.80016796834417,0
138.48761738928158,91.02360562555327,91.85120997940517,117.75307620286756,121.4971143432894,1
46.97708189313386,35.4876032636203,30.861997425087676,52.19948081416633,53.76029429319139,0
41.74700336274312,40.2291523114139,54.1650810612446,52.425826013499425,55.283890768812725,0
56.03072470456539,65.52129409053994,45.47382227337229,58.059678817111305,59.48611352017658,0
60.32426708716208,44.821479046668365,68.9730412631324,42.71850669300122,50.28803366216701,0
36.94505071908641,58.88052785514523,42.06880511050396,58.23118219153287,51.813322279384295,0
104.19125209569314,114.13794024468673,127.54506245428368,49.59070354325492,64.91701054505356,1
53.169120275422955,48.50119646637175,70.62360285111973,61.22224500985096,40.24333658175438,0
107.06136647887939,98.99770813399402,124.7767398285274,109.43045511887796,113.99171686825156,1
29.030236018300943,41.42032970091236,54.68285783998552,36.16062335504078,49.14319011966371,0
103.51257657985713,97.57040840650458,83.25014077311744,88.97549995867354,103.94315912082503,1
50.23730468030023,51.37978417414606,43.07764707106604,58.1223347522055,56.341606663019405,0
52.45636993759076,36.84821812228243,46.96041208746805,48.02741157559169,57.418803774695235,0
44.53030307894177,49.37256964073464,58.137299011309466,50.18437408216919,63.901711779868094,0
46.52573067455106,60.09312284284666,54.71983263160588,58.67056065397714,57.081673544360804,0
36.185355228771456,52.22043066733645,52.27314560241721,36.97508777317192,50.64164722818717,0
51.559647303765,65.84336782900525,57.97339568776956,45.14679552583186,57.468952297025666,0
100.77032089460907,112.57039546082665,60.28929385214099,105.79053373523612,87.29612149380264,1
48.87152417132423,65.44781651055067,55.26021275750232,60.36201799313769,51.46005270598197,0
66.96226884033827,61.01062205033301,45.01648244937934,46.17572420958498,27.45201920054108,0
82.27758659894779,79.55582533580919,87.62318352495517,116.52733009027622,39.74709005144565,1
28.914097367624116,53.55286177763029,59.6632028255179,64.30073191644468,55.26983331908522,0
43.4919496930823,33.34665415263588,35.65204539276741,41.52658050637335,42.904851574102295,0
41.13351089256055,38.01423603502595,53.571675510015694,57.09459213968832,53.91200182119355,0
47.59462047414638,62.56245677216679,56.43124894626671,62.809567901801394,41.26956126650411,0
67.39352604621658,38.35073489875121,32.07795849340893,59.26282927528263,43.10310699628729,0
59.41888736365764,39.78847086456427,47.44283527037268,46.69709910019615,45.92459279422218,0
54.37083362449339,65.88769151584519,62.31953275171614,41.922737341942536,55.599176078989615,0
122.44041509577113,87.88049978692447,87.89147042128397,62.91349846749887,116.00908180272408,1
53.03541920929948,41.2435221057074,35.790210556465425,43.14913630075764,40.59284539104041,0
61.141312646950865,47.95540844002119,45.425827745879715,45.01359958102212,62.89659030204185,0
56.859448643199414,51.25402698492702,60.981913716965614,36.21725428275295,46.00325644557179,0
58.18163248662105,53.8170273726454,44.777020647773156,51.37564750300262,52.5585135394529,0
59.69652211613889,61.31773262246107,50.14838345018427,50.79852640941011,47.69366084749006,0
133.3037664712891,80.08941826790446,118.94498939005135,87.85553045445513,107.37891160641517,1
48.66452070963152,67.51346910106271,42.119380488839745,58.39771837606841,31.971666680535723,0
43.31656564819993,58.06042748103343,58.40243178085576,41.462753438193076,43.92663885797281,0
97.39227322895147,100.0985180609425,76.8462930262009,93.05383637096034,111.34253115711749,1
50.247114081428954,34.77964807387458,56.84271143003136,56.41324943205467,44.59233307276516,0
44.57220277082591,43.2616474663129,71.93066621991544,60.65585335920825,58.75145697581099,0
109.60196790784153,76.88400679656827,97.64058590758772,115.92721893690374,70.98792525889809,1
88.29239290362156,73.85809566980515,94.22702482755889,97.18989950848396,73.72882717448616,1
65.84698227477203,62.96766671870281,35.669738079212046,59.3596928406655,35.626127586449726,0
34.50417252991948,47.108367239693976,54.098652919406206,53.9613176921278,50.88852038039762,0
53.35659330651575,46.790244829750776,45.41095179584927,35.33806019561599,58.04872117018856,0
100.97669014593242,106.14919249817767,100.53112078174209,108.96085315301298,86.61278814482101,1
47.35440924344894,48.205005797224665,30.462669167864945,41.70749770333359,39.77526849294518,0
42.97110208071422,58.42231004213315,60.12191672458725,63.75513943724144,26.97795825367262,0
53.2010967720841,61.327839089920424,61.24076634488749,56.322701251095424,60.39766135036866,0
59.583160002053816,49.4593173232693,60.0479037057398,36.95714652770834,65.02317511622202,0
41.758160233812134,59.31538962850284,43.776327020440135,58.51445626262658,30.955043346565258,0
57.52206125197186,55.10518439129177,68.57749313983085,40.74424806197325,41.99292638795138,0
122.13790452892079,123.09714996627127,121.31645564204001,81.33949725093603,103.78952625192689,1
49.19786406334549,32.89609127969451,56.15094641563044,45.75451005436099,45.95738549222161,0
36.830044022664126,52.377207477252966,53.236972165755176,55.011557890852096,42.648004686408456,0
35.936078323338194,40.8690821265118,48.7711205851958,50.28929676297369,53.912975836095235,0
58.12875821971889,48.16436543794968,32.75563550378819,45.682537059332375,52.68054497222529,0
53.1016622846986,48.6645817453951,47.78591352196299,47.556358410672956,46.36856480023905,0
42.94210063118795,54.12040954623027,51.17028055838513,61.11792268999287,46.0025691468627,0
21.209657979515914,46.228382055981875,39.250258307227085,40.87718536052238,52.3114444456296,0
51.860059323572706,66.5631299471191,58.78323627498055,30.15098684073395,31.530232010446895,0
38.402865570906535,63.37696648228528,53.11356021091271,55.36284234526029,29.637478091012884,0
32.345996799827994,59.37631676342093,42.16381060805279,55.56828247640932,42.14481279101031,0
44.53463415540174,67.68757327474626,48.20851699280501,43.05345230531758,50.12099329365421,0
59.03791087513086,54.170133553261536,33.7567311429479,49.25654314483934,52.75132817139058,0
62.48608922375735,50.342401818137375,40.35303046721837,45.089985934440364,60.837246968851694,0
66.63944277445857,49.76270009298148,58.647877166118676,38.44129220405231,37.31437377860573,0
28.01243928489368,68.15374387825005,66.85123974452847,40.90112507614986,41.0986734787942,0
56.78138678325561,60.937240611468965,45.86478966236581,44.69231522170885,56.935893502581074,0
52.7601403263118,61.40915132546593,53.33112083687067,43.301532621065064,61.83783956101918,0
55.37308322454062,59.20896867706476,69.01545396799973,44.76130501087307,54.35573231923914,0
